{
    "audioEnvelope": 0.19546350588426178,
    "audioOnsets": 0.06995626970852012,
    "eggEnvelope": 0.2290690754282188,
    "eggOnsets": 0.12137158041297183
}