{
    "audioEnvelope": 0.3232214008772604,
    "audioOnsets": 0.11361972231957004,
    "eggEnvelope": 0.4281198384808045,
    "eggOnsets": 0.14315226495774963
}