{
    "audioEnvelope": 0.27340422434597006,
    "audioOnsets": 0.11899399891881815,
    "eggEnvelope": 0.46684253525415637,
    "eggOnsets": 0.16262210312911737
}