{
    "audioEnvelope": 0.22045043488654914,
    "audioOnsets": 0.12799918842044586,
    "eggEnvelope": 0.3053152523682107,
    "eggOnsets": 0.05994862473160884
}