{
    "audioEnvelope": 0.377801198660363,
    "audioOnsets": 0.17614562899056968,
    "eggEnvelope": 0.4843956137153816,
    "eggOnsets": 0.21460711997544651
}