{
    "audioEnvelope": 0.2188462110743721,
    "audioOnsets": 0.0519421236076025,
    "eggEnvelope": 0.3963024094099448,
    "eggOnsets": 0.1885016440841733
}