{
    "pre->post": -0.007142857142857143,
    "post->pre": 0.007142857142857143
}