{
    "pre->post": -0.02142857142857143,
    "post->pre": 0.02142857142857143
}