{
    "audioEnvelope": 0.07739513991949704,
    "audioOnsets": 0.04953938250531294,
    "eggEnvelope": 0.16451613202815263,
    "eggOnsets": 0.09006027913869512
}