{
    "audioEnvelope": 0.4848074059784888,
    "audioOnsets": 0.20065816860628133,
    "eggEnvelope": 0.5013741738034374,
    "eggOnsets": 0.15362965973490422
}