{
    "pre->post": 0.014285714285714285,
    "post->pre": -0.014285714285714285
}