{
    "audioEnvelope": 0.12295031897786418,
    "audioOnsets": 0.05211168205931235,
    "eggEnvelope": 0.2324968506113576,
    "eggOnsets": 0.08027203185542425
}