{
    "audioEnvelope": 0.2476448863428642,
    "audioOnsets": 0.1128773393470511,
    "eggEnvelope": 0.3399520406775308,
    "eggOnsets": 0.12367776194912802
}