{
    "audioEnvelope": 0.2509132531685897,
    "audioOnsets": 0.05593682885388226,
    "eggEnvelope": 0.4575080158693875,
    "eggOnsets": 0.21095922318234253
}