{
    "audioEnvelope": 0.1729888361918419,
    "audioOnsets": 0.06160580940417633,
    "eggEnvelope": 0.1805627238690179,
    "eggOnsets": 0.08239834824749231
}