{
    "audioEnvelope": 0.2790727639316989,
    "audioOnsets": 0.13726421952791035,
    "eggEnvelope": 0.44482689366423855,
    "eggOnsets": 0.17732418718115522
}