{
    "audioEnvelope": 0.22399406415666706,
    "audioOnsets": 0.09614274716376964,
    "eggEnvelope": 0.38683594299183977,
    "eggOnsets": 0.12632038214246022
}