{
    "audioEnvelope": 0.11008982303477653,
    "audioOnsets": 0.09962685787786188,
    "eggEnvelope": 0.1914220547059468,
    "eggOnsets": 0.06094988820199608
}