{
    "audioEnvelope": 0.21317615356890363,
    "audioOnsets": 0.1101056891929299,
    "eggEnvelope": 0.2999548506452185,
    "eggOnsets": 0.12265565749573507
}