{
    "audioEnvelope": 0.2706274314739421,
    "audioOnsets": 0.10976695402725065,
    "eggEnvelope": 0.4375534101406444,
    "eggOnsets": 0.17010650007565914
}