{
    "audioEnvelope": 0.37555512395627205,
    "audioOnsets": 0.11479597983602606,
    "eggEnvelope": 0.43655493924604993,
    "eggOnsets": 0.12892123398337152
}