{
    "audioEnvelope": 0.22404125723124493,
    "audioOnsets": 0.12809923517573835,
    "eggEnvelope": 0.339156127393913,
    "eggOnsets": 0.13271830027026194
}