{
    "audioEnvelope": 0.26099815042699903,
    "audioOnsets": 0.12781521927570827,
    "eggEnvelope": 0.3727091883219099,
    "eggOnsets": 0.15911906987536262
}