{
    "audioEnvelope": 0.3775753254141643,
    "audioOnsets": 0.16176854683293213,
    "eggEnvelope": 0.4636463875576121,
    "eggOnsets": 0.18847163590914118
}