{
    "audioEnvelope": 0.12606151635182988,
    "audioOnsets": 0.055109181705131904,
    "eggEnvelope": 0.3344798656254071,
    "eggOnsets": 0.10311354700686692
}