{
    "audioEnvelope": 0.1958179008180785,
    "audioOnsets": 0.07288659028808811,
    "eggEnvelope": 0.3031100321091906,
    "eggOnsets": 0.11925825830740475
}