{
    "audioEnvelope": 0.2923716650434767,
    "audioOnsets": 0.09685918751274662,
    "eggEnvelope": 0.4200050331132623,
    "eggOnsets": 0.17329177629596076
}