{
    "audioEnvelope": 0.11492719102904723,
    "audioOnsets": 0.08996704915269593,
    "eggEnvelope": 0.2683396961881614,
    "eggOnsets": 0.08818541225637086
}