{
    "audioEnvelope": 0.027466182872820353,
    "audioOnsets": -0.006127110873008178,
    "eggEnvelope": 0.12240466267397275,
    "eggOnsets": 0.059300912532526485
}