{
    "audioEnvelope": 0.14623951838593996,
    "audioOnsets": 0.041274932727169575,
    "eggEnvelope": 0.2842597124100761,
    "eggOnsets": 0.11612801043985221
}