{
    "audioEnvelope": 0.31573390310373756,
    "audioOnsets": 0.13348682970677928,
    "eggEnvelope": 0.4305762726820738,
    "eggOnsets": 0.12076475649331116
}