{
    "audioEnvelope": 0.19136021505590076,
    "audioOnsets": 0.075435173326845,
    "eggEnvelope": 0.3465792539698418,
    "eggOnsets": 0.15137720870545224
}