{
    "audioEnvelope": 0.20742141474463627,
    "audioOnsets": 0.10798662973596299,
    "eggEnvelope": 0.3535692318596392,
    "eggOnsets": 0.12432503792332977
}