{
    "audioEnvelope": 0.37397322400821376,
    "audioOnsets": 0.2012058151596793,
    "eggEnvelope": 0.47319828371282435,
    "eggOnsets": 0.24561759812809653
}